generated_at,event_name,event_date,fighterA,fighterB,weight_class_name,raw_model_prob_a,final_prob_a,final_prob_b,striking_logit,grappling_logit,submission_logit,interaction_logit,dominant_path_logit,secondary_logit,regime_multiplier,dom_regime,striking_regime_score,wrestling_regime_score,submission_regime_score,contested_score,eff_pressure_a_to_b,eff_pressure_b_to_a,a_archetype,b_archetype,a_raw_slpm,a_stabilized_slpm,a_raw_td_avg,a_stabilized_td_avg,a_raw_kd_per15,a_stabilized_kd_per15,b_raw_slpm,b_stabilized_slpm,b_raw_td_avg,b_stabilized_td_avg,b_raw_kd_per15,b_stabilized_kd_per15,market_prob_a,model_market_gap,model_bucket,historical_actual,historical_bucket_samples
2026-05-13T18:42:52.367398+00:00,UFC Fight Night: Allen vs. Costa,2026-05-16,Dooho Choi,Daniel Santos,Featherweight,0.779815,0.586701,0.413299,0.418115,-0.349477,-0.244122,-0.083488,0.187838,-0.01953,1.0,wrestling_control,0.15123,-0.441982,-0.127775,0.558018,0.424463,0.667257,balanced,balanced,4.669683,3.889002,1.425339,1.49389,0.81448,0.476578,4.764558,3.854711,3.009195,2.132607,0.501532,0.320392,,,55-60%,,0
2026-05-13T18:46:48.403038+00:00,UFC Fight Night: Allen vs. Costa,2026-05-16,Dooho Choi,Daniel Santos,Featherweight,0.779815,0.586701,0.413299,0.418115,-0.349477,-0.244122,-0.083488,0.187838,-0.01953,1.0,wrestling_control,0.15123,-0.441982,-0.127775,0.558018,0.424463,0.667257,balanced,balanced,4.669683,3.889002,1.425339,1.49389,0.81448,0.476578,4.764558,3.854711,3.009195,2.132607,0.501532,0.320392,0.408163,0.178537,55-60%,,0
2026-05-13T18:54:33.440001+00:00,UFC Fight Night: Allen vs. Costa,2026-05-16,Dooho Choi,Daniel Santos,Featherweight,0.779815,0.523693,0.476307,0.148287,-0.176972,-0.195956,-0.083488,-0.19026,0.011863,1.122831,wrestling_control,0.15123,-0.441982,-0.127775,0.558018,0.424463,0.667257,balanced,balanced,4.669683,3.889002,1.425339,1.49389,0.81448,0.476578,4.764558,3.854711,3.009195,2.132607,0.501532,0.320392,0.408163,0.115529,50-55%,,0
2026-05-13T19:10:16.032292+00:00,UFC Fight Night: Allen vs. Costa,2026-05-16,Shauna Bannon,Nicolle Caliari,Women's Strawweight,0.78355,0.501417,0.498583,0.112074,-0.047533,-0.058131,-0.046916,-0.047533,0.019299,1.6,wrestling_control,-0.000112,-0.219127,-0.040795,0.780873,0.441867,0.638755,balanced,balanced,4.323529,3.609606,0.0,1.030788,0.0,0.133005,3.456,3.303093,2.88,1.892784,0.0,0.148454,0.350877,0.15054,50-55%,,0
2026-05-13T19:19:13.680586+00:00,UFC Fight Night: Allen vs. Costa,2026-05-16,Shauna Bannon,Nicolle Caliari,Women's Strawweight,0.78355,0.527784,0.472216,0.112074,0.178765,0.249771,-0.046916,0.16629,0.0,1.0,wrestling_control,-0.000112,-0.219127,-0.040795,0.780873,0.441867,0.638755,balanced,balanced,4.323529,3.609606,0.0,1.030788,0.0,0.133005,3.456,3.303093,2.88,1.892784,0.0,0.148454,0.350877,0.176907,50-55%,,0
2026-05-13T19:30:37.834630+00:00,UFC Fight Night: Allen vs. Costa,2026-05-16,Shauna Bannon,Nicolle Caliari,Women's Strawweight,0.78355,0.535237,0.464763,0.112074,0.178765,0.249771,-0.046916,0.16629,0.0,1.4,wrestling_control,-0.000112,-0.219127,-0.040795,0.780873,0.441867,0.638755,balanced,balanced,4.323529,3.609606,0.0,1.030788,0.0,0.133005,3.456,3.303093,2.88,1.892784,0.0,0.148454,0.350877,0.18436,50-55%,,0
2026-05-13T19:33:37.192875+00:00,UFC Fight Night: Allen vs. Costa,2026-05-16,Shauna Bannon,Nicolle Caliari,Women's Strawweight,0.78355,0.550669,0.449331,0.112074,0.178765,0.249771,0.024776,0.16629,0.0,1.8,wrestling_control,-0.000112,-0.219127,-0.040795,0.780873,0.441867,0.638755,balanced,balanced,4.323529,3.609606,0.0,1.030788,0.0,0.133005,3.456,3.303093,2.88,1.892784,0.0,0.148454,0.350877,0.199792,55-60%,,0
2026-05-13T19:34:53.461362+00:00,UFC Fight Night: Allen vs. Costa,2026-05-16,Shauna Bannon,Nicolle Caliari,Women's Strawweight,0.78355,0.584986,0.415014,0.112074,0.178765,0.249771,0.024776,0.16629,0.0,1.8,wrestling_control,-0.000112,-0.219127,-0.040795,0.780873,0.441867,0.638755,balanced,balanced,4.323529,3.609606,0.0,1.030788,0.0,0.133005,3.456,3.303093,2.88,1.892784,0.0,0.148454,0.350877,0.234109,55-60%,,0
2026-05-13T19:43:02.144368+00:00,UFC Fight Night: Allen vs. Costa,2026-05-16,Shauna Bannon,Nicolle Caliari,Women's Strawweight,0.78355,0.610639,0.389361,0.112074,0.178765,0.249771,0.024776,0.16629,0.0,1.8,clean_dominance,-0.000112,-0.219127,-0.040795,0.780873,0.441867,0.638755,balanced,balanced,4.323529,3.609606,0.0,1.030788,0.0,0.133005,3.456,3.303093,2.88,1.892784,0.0,0.148454,0.350877,0.259762,60-65%,,0
2026-05-13T19:49:36.608977+00:00,UFC Fight Night: Allen vs. Costa,2026-05-16,Shauna Bannon,Nicolle Caliari,Women's Strawweight,0.78355,0.578105,0.421895,0.112074,0.178765,0.249771,0.024776,0.16629,0.0,1.8,clean_dominance,-0.000112,-0.219127,-0.040795,0.780873,0.441867,0.638755,balanced,balanced,4.323529,3.609606,0.0,1.030788,0.0,0.133005,3.456,3.303093,2.88,1.892784,0.0,0.148454,0.350877,0.227228,55-60%,,0
2026-05-13T20:01:24.134824+00:00,UFC Fight Night: Allen vs. Costa,2026-05-16,Daniel Barez,Luis Gurule,Flyweight,0.765713,0.521169,0.478831,-0.040825,0.105178,0.293336,0.009734,0.084408,0.0,1.0,contested,-0.000335,0.215933,0.216206,0.783794,0.518847,0.354966,balanced,technical_striker,3.654604,3.387865,1.93479,1.681113,0.64493,0.351605,4.470135,3.696265,0.578035,1.194503,0.0,0.12685,,,50-55%,,0
2026-05-13T20:02:42.742606+00:00,UFC Fight Night: Allen vs. Costa,2026-05-16,Daniel Barez,Luis Gurule,Flyweight,0.765713,0.523518,0.476482,-0.040825,0.105178,0.293336,0.009734,0.084408,0.0,1.0,contested,-0.000335,0.215933,0.216206,0.783794,0.518847,0.354966,balanced,technical_striker,3.654604,3.387865,1.93479,1.681113,0.64493,0.351605,4.470135,3.696265,0.578035,1.194503,0.0,0.12685,,,50-55%,,0
2026-05-13T20:07:48.299636+00:00,UFC Fight Night: Allen vs. Costa,2026-05-16,Daniel Barez,Luis Gurule,Flyweight,0.765713,0.519995,0.480005,-0.040825,0.105178,0.293336,0.009734,0.084408,0.0,1.0,contested,-0.000335,0.215933,0.216206,0.783794,0.518847,0.354966,balanced,technical_striker,3.654604,3.387865,1.93479,1.681113,0.64493,0.351605,4.470135,3.696265,0.578035,1.194503,0.0,0.12685,,,50-55%,,0
2026-05-13T20:14:24.617502+00:00,UFC Fight Night: Allen vs. Costa,2026-05-16,Nikolay Veretennikov,Khaos Williams,Welterweight,0.715855,0.626122,0.373878,-0.011516,0.104539,0.396298,0.025645,0.396298,0.038937,1.5,submission_threat,0.01149,0.137217,0.216304,0.783696,0.402276,0.291699,balanced,balanced,2.693302,3.004661,0.423032,1.05334,0.0,0.111859,4.936516,4.131069,0.0,0.740249,0.761808,0.4935,,,60-65%,,0
2026-05-13T20:16:41.043864+00:00,UFC Fight Night: Allen vs. Costa,2026-05-16,Nikolay Veretennikov,Khaos Williams,Welterweight,0.715855,0.637449,0.362551,-0.011516,0.104539,0.396298,0.025645,0.396298,0.038937,1.5,submission_threat,0.01149,0.137217,0.216304,0.783696,0.402276,0.291699,balanced,balanced,2.693302,3.004661,0.423032,1.05334,0.0,0.111859,4.936516,4.131069,0.0,0.740249,0.761808,0.4935,,,60-65%,,0
2026-05-13T20:17:42.660735+00:00,UFC Fight Night: Allen vs. Costa,2026-05-16,Daniel Barez,Luis Gurule,Flyweight,0.765713,0.522527,0.477473,-0.040825,0.105178,0.293336,0.009734,0.084408,0.0,1.0,contested,-0.000335,0.215933,0.216206,0.783794,0.518847,0.354966,balanced,technical_striker,3.654604,3.387865,1.93479,1.681113,0.64493,0.351605,4.470135,3.696265,0.578035,1.194503,0.0,0.12685,,,50-55%,,0
2026-05-13T20:18:13.357222+00:00,UFC Fight Night: Allen vs. Costa,2026-05-16,Shauna Bannon,Nicolle Caliari,Women's Strawweight,0.78355,0.560904,0.439096,0.112074,0.178765,0.249771,0.024776,0.16629,0.0,1.8,clean_dominance,-0.000112,-0.219127,-0.040795,0.780873,0.441867,0.638755,balanced,balanced,4.323529,3.609606,0.0,1.030788,0.0,0.133005,3.456,3.303093,2.88,1.892784,0.0,0.148454,,,55-60%,,0
2026-05-13T20:19:16.910896+00:00,UFC Fight Night: Allen vs. Costa,2026-05-16,Modestas Bukauskas,Rodolfo Bellato,Light Heavyweight,0.768821,0.501111,0.498889,-0.019659,-0.066923,-0.016964,-0.001654,-0.038026,0.0,1.8,clean_dominance,-0.093636,-0.019839,-0.01365,0.906364,0.269262,0.419425,balanced,power_striker,3.235083,3.241603,0.258807,0.823149,0.129403,0.160259,5.372449,4.142704,1.377551,1.477468,0.459184,0.309013,,,50-55%,,0
2026-05-14T00:59:36.317085+00:00,UFC Fight Night: Allen vs. Costa,2026-05-16,Daniel Barez,Luis Gurule,Flyweight,0.765713,0.562495,0.437505,-0.040825,0.105178,0.293336,0.009734,0.084408,0.0,1.0,contested,-0.000335,0.215933,0.216206,0.783794,0.518847,0.354966,balanced,technical_striker,3.654604,3.387865,1.93479,1.681113,0.64493,0.351605,4.470135,3.696265,0.578035,1.194503,0.0,0.12685,,,55-60%,,0
2026-05-14T01:01:15.537000+00:00,UFC Fight Night: Allen vs. Costa,2026-05-16,Modestas Bukauskas,Rodolfo Bellato,Light Heavyweight,0.768821,0.539075,0.460925,-0.019659,-0.066923,-0.016964,-0.001654,-0.038026,0.0,1.8,clean_dominance,-0.093636,-0.019839,-0.01365,0.906364,0.269262,0.419425,balanced,power_striker,3.235083,3.241603,0.258807,0.823149,0.129403,0.160259,5.372449,4.142704,1.377551,1.477468,0.459184,0.309013,,,50-55%,,0
2026-05-14T01:24:40.307499+00:00,UFC Fight Night: Allen vs. Costa,2026-05-16,Nikolay Veretennikov,Khaos Williams,Welterweight,0.715855,0.693487,0.306513,-0.011516,0.104539,0.396298,0.025645,0.396298,0.038937,1.5,submission_threat,0.01149,0.137217,0.216304,0.783696,0.402276,0.291699,balanced,balanced,2.693302,3.004661,0.423032,1.05334,0.0,0.111859,4.936516,4.131069,0.0,0.740249,0.761808,0.4935,,,65-70%,,0
2026-05-14T02:05:58.769509+00:00,UFC Fight Night: Allen vs. Costa,2026-05-16,Ketlen Vieira,Jacqueline Cavalcanti,Women's Bantamweight,0.718366,0.535523,0.464477,-0.11351,0.02166,0.010352,-0.008315,-0.013442,0.563899,0.600717,-0.03467,0.0,1.0,contested,-0.037843,0.003814,0.006864,0.962157,0.405982,0.280557,balanced,technical_striker,2.760177,2.905135,1.33105,1.395846,0.0,0.059188,5.653333,4.342424,0.0,0.845455,0.0,0.109091,,,50-55%,,0
2026-05-14T02:06:48.009673+00:00,UFC Fight Night: Allen vs. Costa,2026-05-16,Nikolay Veretennikov,Khaos Williams,Welterweight,0.715855,0.688455,0.311545,-0.011516,0.104539,0.396298,0.002077,-0.023568,0.458701,0.533173,0.396298,0.038937,1.5,submission_threat,0.01149,0.137217,0.216304,0.783696,0.402276,0.291699,balanced,balanced,2.693302,3.004661,0.423032,1.05334,0.0,0.111859,4.936516,4.131069,0.0,0.740249,0.761808,0.4935,,,65-70%,,0
2026-05-14T02:08:41.714709+00:00,UFC Fight Night: Allen vs. Costa,2026-05-16,Nikolay Veretennikov,Khaos Williams,Welterweight,0.715855,0.688455,0.311545,-0.011516,0.104539,0.396298,0.002077,-0.023568,0.458701,0.533173,0.396298,0.038937,1.5,submission_threat,0.01149,0.137217,0.216304,0.783696,0.402276,0.291699,balanced,balanced,2.693302,3.004661,0.423032,1.05334,0.0,0.111859,4.936516,4.131069,0.0,0.740249,0.761808,0.4935,,,65-70%,,0
